,PM,year,Sentiment
0,Manmohan,2008.5217701641684,0.19078943611705923
1,Modi,2018.86,0.19052941176470586
